index,uid
0,120967
18,255228
23,781632
46,638996
52,686259
68,412498
71,322511
72,837397
90,723081
100,323782
109,953635
116,671700
148,100273
170,700804
186,243336
191,106674
200,652970
212,112472
213,258632
217,339688
218,611739
220,586068
234,947701
243,715528
247,271987
248,455121
252,834521
263,347770
275,742638
281,664798
289,916494
297,806991
302,995434
321,465914
327,493896
329,445495
336,402409
339,171594
341,438837
342,977407
372,909536
401,469120
407,991715
409,186982
410,468598
413,731825
436,540153
443,434519
452,922642
454,883704
457,770335
466,549862
467,780130
481,443669
493,557262
500,672462
502,806307
538,852683
560,436592
561,574170
579,984201
590,319026
599,738941
607,203287
609,445848
628,499348
629,628321
635,728022
636,273245
663,674327
665,911586
668,516521
669,625208
673,631655
675,877934
680,404136
706,112075
714,691367
716,426910
719,423148
721,204516
730,659634
732,481249
735,132683
736,836394
754,877105
766,696773
769,525141
776,992222
781,301038
784,146702
789,241443
791,486288
796,335869
800,535765
802,785937
809,199657
830,238357
845,120951
857,310181
862,423778
869,779884
879,333129
893,439998
894,161456
896,447082
904,229940
905,546057
908,413685
914,247360
916,183437
918,771150
921,509314
922,469862
928,977239
930,605794
955,317377
958,709811
963,220030
965,293104
975,994919
976,211890
977,543221
983,424677
986,938135
990,494424
995,517453
1003,274797
1012,474824
1017,729505
1026,904867
1027,612078
1050,103976
1059,975407
1067,494787
1072,167212
1077,273245
1083,182651
1086,872096
1090,695899
1094,929024
1097,376821
1117,886582
1126,728720
1135,736733
1145,856174
1149,612716
1151,892785
1152,475715
1156,399845
1161,153808
1179,984588
1185,588082
1192,259133
1193,636366
1196,872586
1203,120502
1206,785164
1219,830792
1222,928794
1224,196029
1227,966681
1229,275793
1241,820572
1244,998832
1261,925846
1275,196346
1278,209678
1279,797401
1282,815617
1292,813263
1295,989320
1303,776059
1307,977407
1312,305444
1322,472117
1326,279444
1333,637967
1335,711645
1339,562167
1366,908227
1375,348860
1380,505238
1391,302108
1406,993559
1413,386531
1415,576327
1417,500277
1422,620246
1427,225582
1430,305062
1445,992751
1464,858240
1465,857669
1468,122172
1475,125609
1477,789928
1478,430951
1495,154153
1507,794856
1522,243260
1529,729418
1544,694695
1548,402690
1571,838127
1573,127609
1580,211925
1581,432900
1590,246366
1591,260652
1603,288901
1606,487683
1616,278606
1618,496017
1620,272399
1644,817442
1648,852477
1649,120309
1669,687920
1681,801495
1690,206553
1700,283613
1710,633808
1713,782840
1719,648610
1723,518044
1726,658895
1727,501247
1751,535740
1761,896028
1762,170794
1769,225146
1780,207447
1781,182120
1787,995091
1793,811568
1797,936530
1800,815518
1801,932198
1804,617158
1808,960474
1812,500387
1821,825246
1822,920784
1831,512498
1844,505033
1846,821707
1853,461235
1854,421807
1875,856192
1897,888385
1903,246526
1907,300222
1912,295299
1921,408807
1924,950514
1925,812707
1932,108735
1938,863523
1942,827929
1943,803410
1944,136276
1954,789907
1974,348860
1976,399470
1983,780089
1984,228732
1988,805713
2016,810882
2018,219995
2021,731825
2034,114043
2037,829348
2054,923442
2069,884026
2070,554063
2077,476733
2082,517040
2087,115828
2088,749145
2089,932050
2098,598053
2111,602114
2113,230035
2114,814952
2117,396316
2135,586658
2137,113210
2146,385112
2147,565041
2153,844859
2157,385225
2181,825727
2185,871962
2188,211102
2194,516289
2198,620299
2202,998953
2204,516976
2210,874419
2223,489705
2227,272480
2242,663046
2245,231289
2249,689186
2258,776277
2297,694695
2300,159031
2319,955938
2322,414113
2324,115156
2330,685790
2359,834455
2374,734473
2376,302108
2378,547455
2380,661903
2386,476006
2407,464383
2413,795826
2428,865658
2434,213820
2437,692088
2444,634899
2445,601637
2449,703573
2466,886026
2479,681930
2499,773248
2511,275548
2512,682015
2519,442090
2522,220106
2543,562129
2552,237045
2557,616647
2560,104994
2567,139776
2581,511509
2585,857322
2592,542301
2593,440571
2595,145840
2601,716638
2609,901917
2614,133740
2618,393860
2622,332885
2626,358288
2634,416440
2641,228314
2645,773253
2654,577666
2658,845425
2661,187617
2664,980232
2673,701850
2681,720805
2687,783005
2702,372358
2704,868047
2707,456282
2727,129057
2729,508436
2732,325757
2738,544085
2740,524879
2745,388337
2746,681717
2749,326445
2750,881020
2758,690684
2777,696418
2782,951568
2789,562186
2793,504788
2797,312972
2798,535428
2814,105144
2819,818676
2823,844072
2831,260647
2839,542604
2845,715799
2852,856192
2853,669454
2862,773324
2863,141880
2864,173399
2867,186982
2876,231474
2880,434927
2882,958020
2884,773342
2887,459683
2889,903240
2918,655892
2920,821771
2934,493178
2937,600063
2946,512533
2956,621592
2970,132727
2972,542301
2979,699374
2986,794406
2988,950033
2997,860381
2999,751477
3001,950514
3003,754806
3014,404534
3018,701355
3021,452309
3031,249900
3039,691999
3041,361436
3050,658861
3056,483308
3080,507219
3083,192955
3086,984686
3102,653886
3109,249286
3127,345682
3132,992035
3135,477299
3139,826714
3142,526218
3148,627648
3174,133397
3178,295806
3180,530657
3182,399312
3187,744209
3199,681014
3211,461528
3230,180473
3237,599949
3241,387044
3258,473680
3264,714744
3270,886582
3275,869711
3282,329864
3288,870804
3292,666570
3297,668983
3312,977337
3322,798334
3336,494805
3350,208199
3356,272481
3359,227288
3360,103687
3376,200131
3377,182007
3385,663330
3394,280603
3395,382935
3410,246178
3415,737108
3427,339971
3428,926091
3447,722205
3453,115828
3459,124748
3460,271744
3463,504535
3464,845298
3472,209886
3477,536404
3478,107739
3499,144761
3503,748095
3513,377757
3514,620246
3521,431922
3526,986580
3539,566518
3551,850261
3558,267353
3576,888385
3604,218322
3608,286417
3611,522912
3615,665914
3637,489085
3639,557993
3645,595197
3648,973532
3652,633000
3665,150318
3671,533958
3681,334036
3692,501496
3693,742018
3702,547645
3707,739534
3728,621938
3733,946810
3738,621938
3748,674327
3754,843387
3766,998542
3783,234355
3784,692321
3799,957786
3801,585345
3802,333377
3806,702730
3816,781632
3817,160204
3824,144932
3833,868186
3839,383930
3844,508475
3848,608741
3849,730014
3852,852371
3869,212212
3872,797401
3873,217729
3875,585707
3877,658070
3879,798516
3880,353335
3881,664498
3884,984217
3885,956336
3900,884410
3923,566619
3927,209670
3936,354103
3942,184768
3951,810649
3966,219955
3968,983437
3971,894099
3978,117397
3984,263233
4003,180461
4010,193703
4014,203484
4015,854568
4024,158948
4051,661821
4063,317621
4065,857564
4067,508263
4072,114148
4073,639638
4074,696002
4076,718755
4079,464698
4080,404643
4082,654937
4092,131061
4095,630499
4099,519661
4103,281714
4104,235320
4106,873376
4109,606407
4112,566009
4119,869890
4125,595531
4130,854022
4139,823519
4146,188528
4150,476006
4166,503833
4168,284557
4173,462020
4174,996023
4184,689374
4185,434831
4192,902806
4198,581605
4207,154523
4208,203617
4209,736134
4210,174734
4219,720349
4220,476006
4223,239975
4228,728335
4241,543221
4242,803498
4243,927455
4268,947890
4269,933464
4270,852709
4271,201053
4280,377799
4290,809085
4296,274797
4299,498003
4301,371778
4304,208623
4305,249900
4316,640052
4334,203484
4335,566030
4340,513030
4352,322603
4354,702239
4360,295233
4365,925846
4366,211890
4387,355534
4388,367915
4394,170868
4401,609728
4408,249254
4413,256497
4427,380071
4428,326491
4463,963630
4466,523177
4480,105896
4485,753850
4487,769438
4493,369190
4505,609728
4515,685514
4517,314469
4518,536944
4537,659930
4540,992415
4549,210208
4551,103759
4561,771450
4568,378539
4575,200174
4580,843942
4586,360003
4592,687513
4599,260775
4617,624169
4628,751477
4635,242088
4640,327779
4645,408316
4654,153709
4664,781413
4683,689186
4685,348860
4699,777409
4700,163880
4701,542226
4715,192470
4724,874908
4727,219365
4742,700441
4748,114387
4767,412498
4772,832144
4781,450561
4784,615410
4797,747811
4799,574496
4804,285504
4810,809522
4820,440708
4822,131314
4832,963123
4833,685790
4845,421056
4850,893122
4868,811568
4872,141056
4891,947542
4905,678471
4918,116249
4928,202817
4933,129271
4938,730510
4941,414428
4944,587008
4947,770868
4952,414510
4972,388971
4973,802480
4985,265585
5006,295968
5019,398427
5020,259077
5024,653535
5030,836394
5038,570959
5045,471139
5046,916360
5050,981906
5051,784527
5055,278606
5058,738941
5060,476575
5070,141425
5071,196702
5073,404544
5088,799473
5091,423651
5094,991703
5116,139776
5120,582636
5125,462053
5131,723081
5135,348860
5162,271937
5167,666570
5169,389039
5170,117066
5172,154130
5180,560367
5183,690350
5195,728335
5196,661146
5200,987488
5205,574304
5250,386517
5255,463497
5276,127428
5281,737569
5287,607086
5292,422648
5297,795416
5309,843119
5311,199657
5314,325300
5318,337439
5328,879885
5332,830802
5335,672795
5336,753850
5355,824667
5356,295299
5358,141880
5380,791868
5390,663699
5392,374838
5397,692149
5401,436592
5406,238877
5411,945676
5414,343650
5415,716001
5431,797546
5433,228837
5440,133384
5453,211339
5455,360086
5461,926091
5465,494484
5490,780130
5493,969657
5498,680036
5503,344939
5515,898131
5518,152781
5520,299614
5523,364548
5525,435527
5537,672945
5544,540487
5547,807871
5554,578359
5567,734131
5570,400054
5576,155371
5579,829555
5581,578924
5583,434091
5585,532556
5594,540907
5596,225550
5608,476733
5637,545028
5650,325757
5652,963666
5653,355405
5665,312972
5670,782856
5673,837207
5675,304525
5677,414428
5686,253328
5694,800675
5696,475715
5698,867675
5701,920865
5717,274797
5719,304050
5738,328978
5742,812555
5744,280614
5745,543221
5747,395893
5761,770325
5766,469100
5777,574900
5786,504998
5805,613735
5825,614888
5826,976542
5827,508676
5828,378700
5846,235320
5849,254029
5850,863329
5855,223899
5868,874696
5873,730845
5882,252313
5883,721068
5889,578890
5899,994777
5901,222901
5903,119384
5911,535740
5921,131045
5925,570832
5937,408671
5941,645574
5968,296044
5970,401983
5995,607717
6000,728720
6006,956687
6008,530826
6015,995434
6025,693666
6026,908902
6036,704732
6055,412498
6057,159809
6066,581605
6069,524958
6073,963666
6077,632021
6080,790127
6091,637562
6096,880464
6097,924495
6099,722892
6113,806307
6119,405086
6138,757336
6158,849920
6163,514780
6165,573016
6169,834636
6174,767073
6179,308214
6181,131564
6185,947264
6198,468126
6200,756309
6206,305304
6226,191791
6228,641715
6242,426653
6244,789346
6258,228649
6262,162433
6271,370880
6273,353974
6302,962359
6305,860021
6318,361102
6321,640281
6322,412558
6340,200131
6348,294445
6355,965356
6363,479487
6365,129946
6366,574496
6387,988602
6396,396560
6400,663494
6405,198020
6408,736087
6416,767038
6420,977724
6423,301065
6429,866534
6434,821544
6438,604189
6444,957434
6453,192498
6455,511923
6463,351518
6467,127072
6473,734573
6474,431910
6476,476733
6489,665807
6496,909347
6498,211339
6500,739659
6513,829026
6516,730124
6529,262749
6566,388664
6589,557101
6591,196953
6597,256453
6598,244128
6600,176311
6630,288988
6634,660160
6638,899575
6644,211925
6652,414143
6654,555599
6662,313014
6676,568543
6677,882830
6679,804066
6684,185730
6688,577523
6711,269883
6713,391503
6722,269550
6723,727369
6725,837967
6734,129483
6735,892791
6754,430284
6758,166175
6768,144761
6775,715930
6782,299189
6785,540939
6798,309898
6810,111640
6813,753850
6826,105283
6827,748231
6849,288422
6853,811776
6872,871867
6873,634389
6877,561481
6881,973683
6891,912487
6905,256360
6907,770325
6913,482303
6915,328898
6917,808274
6926,600988
6930,776851
6950,439416
6961,580210
6963,424161
6967,943967
6973,540867
6975,942480
6995,578924
7023,390201
7029,276425
7043,474182
7055,813954
7065,915722
7069,350993
7072,628763
7080,851515
7081,797546
7089,772487
7093,266315
7115,340095
7117,165971
7123,469100
7126,913778
7132,587732
7141,641715
7143,908227
7173,548012
7178,346863
7179,940340
7189,851604
7205,420988
7210,866534
7216,657241
7222,808228
7223,526426
7225,181450
7231,593633
7234,840355
7239,244979
7249,763941
7255,539560
7258,764453
7259,862527
7268,496012
7269,617237
7270,808228
7274,460929
7283,664798
7296,358316
7311,483962
7325,771164
7326,266315
7328,598488
7329,236390
7353,568453
7354,936369
7365,355534
7367,230149
7369,688036
7371,433479
7382,547365
7392,782763
7398,662935
7421,917164
7436,847346
7441,869899
7445,399156
7451,674815
7456,591497
7466,445181
7472,815518
7478,435246
7492,692178
7494,700589
7500,339733
7508,539560
7509,565983
7511,594685
7516,650455
7533,718755
7538,314719
7539,154040
7540,686937
7545,420988
7548,288901
7560,525763
7567,500691
7574,879885
7576,951846
7580,626962
7583,950033
7588,423651
7590,850759
7603,883194
7616,432568
7630,813684
7633,711645
7636,242088
7640,254579
7644,936468
7656,237034
7681,565041
7684,572433
7706,496530
7710,372852
7713,437713
7726,446862
7733,902189
7737,818044
7740,741869
7746,201008
7750,399533
7752,615588
7754,454246
7756,956976
7760,505238
7767,288438
7784,700897
7787,379574
7805,138760
7806,497713
7809,280172
7816,545292
7823,337439
7834,405528
7847,478407
7855,786451
7865,422537
7866,480617
7870,385831
7877,547555
7886,145448
7901,805327
7904,905493
7909,566123
7911,522827
7919,503279
7921,200071
7929,338047
7947,442549
7954,862922
7956,984743
7966,862503
7986,730412
7989,881073
8011,707429
8012,459194
8017,148957
8024,737108
8025,323820
8036,120004
8037,228861
8049,565244
8051,319367
8072,612764
8078,613890
8079,605858
8104,108744
8112,141056
8113,614489
8115,652204
8132,475603
8136,628763
8137,460771
8140,330658
8155,410105
8161,694695
8165,575589
8172,373975
8184,808274
8202,823484
8203,988154
8206,724862
8211,641361
8225,986698
8228,586979
8233,221578
8236,858944
8243,923813
8246,153623
8264,463468
8269,984743
8272,837056
8276,698453
8286,154016
8287,370880
8289,789346
8291,231289
8296,352213
8304,127448
8310,674866
8319,228861
8321,295806
8323,462053
8325,639126
8345,903525
8347,193404
8351,900525
8353,889548
8369,159031
8374,334485
8404,780998
8405,192932
8406,681930
8408,616647
8426,682692
8428,682403
8432,670749
8444,648514
8450,386357
8451,804399
8456,705209
8472,349451
8473,564782
8482,557021
8486,690076
8488,904996
8489,399252
8494,288244
8509,312972
8511,130092
8520,227497
8523,954593
8546,225550
8547,599321
8554,370918
8571,865481
8584,542226
8587,984588
8591,352118
8595,542460
8617,500691
8628,738344
8651,614888
8656,749093
8658,196593
8668,162433
8673,563219
8676,790184
8695,285842
8698,489012
8702,262749
8705,296585
8717,797546
8727,235595
8736,960956
8737,293920
8739,748219
8759,565244
8765,842760
8774,529603
8776,523638
8793,246522
8794,504990
8806,659634
8807,376381
8812,178234
8819,175667
8830,967526
8832,456638
8833,379156
8836,245744
8840,641794
8851,657241
8854,923813
8857,537476
8861,483308
8866,780274
8871,377090
8890,708403
8892,361436
8895,375429
8897,164385
8900,242758
8902,760750
8905,894398
8906,794690
8908,615410
8923,782856
8925,592539
8929,477716
8934,503822
8944,849483
8949,579755
8956,569674
8963,496616
8968,502591
8989,805713
9017,198766
9019,399252
9023,583999
9024,236434
9036,241383
9043,151301
9048,872586
9058,705485
9059,309455
9061,812707
9062,281716
9063,949111
9064,129483
9074,518078
9097,281608
9101,919827
9102,132685
9104,381556
9108,112472
9109,288244
9111,790184
9117,290904
9122,765050
9134,349451
9136,395504
9138,600063
9148,439416
9149,400838
9161,257228
9165,367739
9172,369208
9175,278843
9177,844246
9187,763948
9190,153959
9209,824380
9215,919766
9237,686259
9238,171684
9256,196953
9258,621333
9259,894398
9265,851518
9266,989751
9273,479086
9275,413656
9292,452536
9293,757876
9298,393860
9300,435508
9302,140602
9323,272399
9324,223042
9340,670896
9359,674061
9370,923813
9376,262749
9387,562612
9404,346505
9405,736831
9406,784876
9424,369446
9451,522103
9460,132143
9471,972007
9483,196510
9487,477294
9494,364548
9506,246363
9509,225550
9510,180966
9512,119384
9513,516976
9516,743972
9519,423918
9527,452536
9534,170794
9539,348828
9540,452430
9546,402690
9557,771206
9559,129872
9562,617592
9567,844332
9573,190418
9575,487423
9585,333625
9588,960861
9595,538351
9601,288738
9605,764884
9612,699205
9613,790561
9630,128217
9642,666685
9643,691559
9646,730014
9648,620299
9664,512533
9667,586658
9670,519896
9677,615588
9682,111382
9684,777988
9686,540146
9697,730010
9702,309455
9711,604605
9716,253216
9723,223899
9729,197994
9731,987488
9732,975958
9749,869890
9758,200472
9775,129923
9781,586059
9802,890338
9814,576327
9815,361102
9818,310082
9819,887935
9824,105283
9827,261419
9840,268716
9841,954440
9843,936369
9856,152282
9877,204622
9886,139368
9889,501113
9895,473472
9898,142597
9903,157543
9907,618157
9908,945896
9918,498182
9937,382492
9941,301044
9945,184408
9947,521973
9953,366283
9958,795605
9959,155551
9971,269394
10002,999966
10010,518474
10013,607207
10018,498182
10019,694754
10021,382425
10022,960014
10031,280614
10034,630834
10051,528344
10074,851604
10087,135866
10101,970690
10112,522467
10117,254579
10136,585979
10143,928342
10145,198020
10146,532556
10159,388994
10181,375143
10183,847346
10188,334036
10190,273862
10204,122308
10208,112305
10211,784897
10222,602925
10246,629030
10251,312499
10271,735661
10279,562979
10299,433154
10303,659879
10306,787062
10319,355514
10327,125421
10332,911193
10379,984588
10384,412558
10393,373979
10397,313705
10418,180038
10419,142642
10427,171276
10429,147605
10447,682692
10448,944753
10452,748095
10464,127428
10471,922659
10494,420249
10495,296686
10504,837375
10513,555328
10517,776175
10519,523177
10524,378618
10527,201110
10528,591898
10529,737611
10530,757195
10546,331879
10549,555454
10558,645291
10560,171684
10565,612065
10574,247360
10581,629143
10582,613371
10586,798910
10588,811107
10592,815483
10593,144427
10594,304050
10595,820978
10605,753566
10621,446223
10626,995737
10652,266205
10657,509330
10659,834289
10672,856097
10679,976201
10685,133954
10702,562106
10704,200922
10707,882146
10710,614995
10717,715528
10727,870150
10735,946028
10737,517168
10743,183437
10761,487015
10768,279277
10776,642697
10777,213544
10781,746358
10782,874510
10793,574496
10799,711645
10804,630809
10809,618590
10816,749121
10817,607983
10823,748219
10833,983239
10835,226031
10854,252582
10863,196872
10867,129872
10878,526426
10890,580058
10902,558327
10905,852397
10911,454575
10915,574102
10919,760583
10922,532298
10933,723039
10942,830402
10946,716731
10947,225146
10949,933281
10957,546554
10959,306639
10965,622571
10991,942089
10994,733293
11022,274790
11037,639126
11047,812581
11059,708507
11066,847247
11067,620751
11096,440399
11098,593305
11106,944384
11108,947763
11112,770868
11132,784527
11138,120309
11143,681014
11150,231474
11163,884972
11171,583093
11180,343650
11199,254830
11201,352472
11204,508263
11209,427866
11228,896636
11241,616938
11242,888033
11243,742351
11252,539255
11262,685181
11268,148097
11275,243260
11287,461033
11291,165587
11295,292231
11298,728911
11306,882834
11317,220030
11344,239857
11347,629010
11349,238384
11358,903126
11362,853350
11364,693977
11376,175972
11386,483308
11404,185872
11408,798736
11409,566123
11414,856192
11415,509395
11419,379156
11421,561965
11436,411646
11437,272399
11445,777344
11447,968078
11468,831184
11472,898956
11477,399470
11488,353596
11505,708692
11508,780439
11524,300838
11531,245176
11535,267397
11540,207770
11560,210118
11572,326299
11583,301740
11614,400106
11626,705623
11632,631347
11644,711925
11659,422615
11661,503822
11662,221641
11670,787801
11671,265940
11685,138625
11692,770335
11694,685583
11702,507369
11722,149766
11730,164866
11738,385225
11740,272531
11743,699530
11751,586658
11753,233616
11763,480617
11768,753113
11781,866534
11792,764454
11793,480125
11800,650776
11805,966508
11806,696773
11814,204752
11825,192583
11834,248234
11838,762304
11841,275709
11859,310325
11862,796384
11875,918198
11895,963951
11899,334559
11900,554765
11915,898719
11926,140420
11941,846115
11946,256360
11965,530909
11967,869711
11969,708198
11973,970345
11977,618347
11983,848787
11986,307002
11990,699180
11996,306331
12001,755000
12002,219511
12004,932037
12006,516621
12021,304798
12039,931084
12051,675459
12055,959511
12057,883704
12061,525763
12064,992751
12068,805754
12069,508676
12082,213544
12083,595189
12084,322511
12088,329149
12091,802349
12105,588182
12106,133156
12111,753113
12123,275709
12128,934262
12132,178379
12148,806491
12151,906376
12162,452536
12171,809552
12172,654810
12174,378618
12195,501115
12197,437801
12203,858944
12207,888033
12211,777796
12216,557976
12221,143841
12224,273245
12226,972007
12265,219955
12283,496616
12286,112766
12287,424689
12294,561285
12295,392631
12302,239857
12317,658895
12325,179589
12326,368450
12329,399533
12330,158480
12334,733255
12335,514072
12349,246178
12365,719378
12370,770782
12380,143694
12384,494220
12386,192769
12387,669193
12401,538351
12416,958309
12426,290987
12443,404362
12452,671802
12490,169801
12496,304505
12497,947914
12503,938690
12527,617158
12533,751774
12539,384479
12547,149611
12550,384322
12565,665499
12567,114193
12573,671302
12574,693828
12598,233093
12600,750722
12606,375143
12619,728911
12621,921728
12623,516521
12625,691993
12635,163137
12636,642445
12646,566240
12651,294920
12656,907795
12662,996023
12666,456638
12667,192900
12671,270804
12673,552304
12676,583889
12679,219114
12681,161456
12696,699510
12702,159031
12709,830820
12722,209678
12730,406237
12734,369232
12744,360003
12766,273041
12769,402637
12777,774476
12781,376821
12803,823876
12804,516429
12817,367739
12835,129946
12838,415022
12845,900804
12848,233354
12854,132693
12855,977871
12867,198441
12881,521027
12891,495023
12912,470581
12916,559679
12927,550556
12932,425262
12940,732489
12941,535428
12942,211925
12953,904996
12958,173785
12962,293004
12968,210078
12973,341681
12976,132685
12984,871933
12991,806755
12993,772487
13001,455897
13011,582825
13021,804399
13022,249900
13023,786877
13028,276413
13035,139933
13039,584535
13044,676232
13045,795347
13058,197104
13070,452309
13071,983239
13073,781782
13083,551605
13093,760669
13105,246541
13114,506630
13119,145855
13124,692265
13135,401862
13146,272531
13149,154016
13166,648514
13170,581605
13172,985193
13179,413656
13186,850898
13192,672923
13199,960324
13204,243336
13219,755053
13221,850261
13223,923442
13231,850877
13238,746740
13249,281191
13252,899088
13257,822174
13260,758767
13271,696318
13281,670702
13296,161716
13303,964701
13324,308785
13326,335226
13341,617795
13347,664930
13353,665936
13355,810902
13369,977724
13381,749145
13386,854056
13404,606407
13406,851604
13411,718755
13425,858944
13427,753532
13435,500277
13440,904843
13448,320753
13456,991703
13457,131296
13474,485165
13485,791868
13488,927078
13497,546540
13501,918879
13507,803616
13517,163546
13519,664930
13535,970345
13544,799473
13551,992503
13588,930554
13603,598488
13609,702239
13612,983063
13613,410805
13615,916782
13628,235596
13654,413027
13656,275258
13675,289021
13693,481900
13695,881291
13696,477620
13713,825246
13722,578241
13729,464383
13743,335699
13748,836968
13753,299189
13756,901792
13761,843070
13762,206553
13775,114043
13781,172767
13786,295299
13793,206210
13811,220720
13824,642547
13832,299614
13839,547455
13843,836717
13852,324459
13857,271699
13860,717127
13862,209886
13875,306639
13879,775679
13883,546958
13893,813954
13907,992035
13909,159807
13911,461528
13920,202438
13922,794690
13927,278060
13934,772065
13936,143862
13943,381828
13944,908157
13945,774476
13956,281603
13961,876992
13972,934992
13979,244265
13991,364264
13994,233630
13995,346863
14002,726345
14008,829651
14017,461623
14020,453780
14021,733578
14025,991715
14031,899829
14032,312499
14047,253687
14058,742858
14059,133099
14065,693334
14074,190764
14079,107158
14081,154523
14084,731760
14099,298589
14101,621592
14103,274790
14113,388266
14115,274151
14119,342069
14124,654641
14138,830792
14140,834659
14141,889144
14147,260652
14157,525141
14158,679239
14181,248234
14182,394149
14206,790789
14207,476023
14214,494220
14215,534375
14222,645291
14232,753173
14236,378618
14240,574815
14242,366709
14251,252047
14260,852502
14281,827543
14283,540109
14295,290348
14302,499920
14304,396316
14306,531412
14307,307676
14317,706963
14330,153959
14344,390975
14348,671190
14359,515768
14360,985150
14361,926203
14369,872586
14376,771751
14377,535659
14381,563219
14398,733293
14402,420812
14404,546540
14405,597010
14417,237388
14422,226310
14440,655948
14462,964266
14465,723709
14466,509035
14472,656611
14476,545532
14478,447244
14480,566809
14492,503086
14510,795826
14515,401983
14517,217443
14520,674489
14529,645574
14542,509395
14544,753634
14548,602713
14564,391380
14572,764868
14587,706037
14597,874649
14605,876984
14609,708198
14611,976152
14628,757578
14634,619615
14636,550556
14644,259429
14645,230971
14648,770049
14649,512533
14663,693828
14669,286082
14671,201025
14680,941299
14706,336008
14714,492885
14719,100395
14722,822426
14737,636680
14742,372459
14755,402583
14758,483460
14763,595766
14764,323227
14766,404136
14769,559999
14771,404534
14804,458723
14815,382425
14823,996784
14829,305171
14835,295300
14838,501561
14840,669707
14847,316405
14859,527027
14867,616647
14868,966756
14880,445354
14885,907137
14896,380169
14907,957128
14910,851124
14911,920902
14925,710541
14932,826714
14945,814509
14949,879885
14950,543482
14951,738400
14974,248568
14981,798175
14986,629030
14991,261213
14994,358316
14996,907853
15005,915722
15014,926280
15026,423651
15027,624175
15038,862922
15040,795706
15046,322603
15047,770049
15059,222377
15061,601080
15078,852322
15083,670340
15088,146702
15093,402548
15096,114736
15110,486152
15122,196928
15127,785108
15172,810746
15174,646250
15177,196346
15188,421816
15206,817916
15213,804091
15214,432633
15215,221847
15225,431922
15235,822713
15238,836442
15260,433708
15262,921728
15267,495023
15269,908227
15275,196755
15277,577993
15283,346245
15300,235970
15304,138103
15309,246422
15314,548737
15318,372642
15330,857729
15332,946917
15334,197104
15336,501496
15340,610456
15359,812334
15365,716213
15369,920965
15374,904996
15375,524828
15379,962651
15391,408807
15400,824702
15411,478407
15415,302360
15430,516976
15433,781413
15439,148527
15441,765100
15442,444150
15448,893661
15451,288738
15454,496268
15456,791585
15478,930538
15482,915373
15485,599321
15486,845061
15492,885122
15498,718769
15500,246892
15505,272595
15509,138625
15524,436497
15529,327514
15538,413027
15543,338355
15556,988602
15585,944857
15588,809552
15592,121353
15611,312732
15621,424676
15629,121353
15633,540487
15644,639854
15663,621699
15665,475112
15677,382194
15680,900643
15684,748231
15686,863329
15696,780553
15701,654400
15702,716731
15707,421068
15710,910314
15711,132143
15717,662621
15722,255520
15723,687877
15724,145840
15729,552042
15733,831184
15734,694695
15736,514031
15745,318041
15749,998832
15764,135866
15767,410105
15768,465914
15769,525177
15773,434831
15778,449299
15779,434262
15784,242036
15789,864137
15793,450583
15794,373487
15798,389039
15802,168362
15825,550312
15827,124820
15828,379734
15829,218322
15845,783772
15856,244058
15862,959216
15867,463654
15874,207526
15877,120951
15882,358034
15889,862054
15897,204316
15901,994607
15914,817563
15919,712745
15921,132558
15926,190418
15928,969662
15936,139435
15937,868322
15939,685514
15961,700589
15968,152781
15973,656784
15979,829026
15993,654641
16008,903387
16009,996023
16034,629776
16052,402915
16054,449925
16055,122308
16060,855067
16061,346863
16083,425262
16085,851518
16088,839270
16106,196697
16117,699727
16119,356273
16126,353335
16132,967474
16134,494424
16160,547353
16164,156410
16166,301740
16171,855280
16179,949563
16184,970345
16194,170794
16195,766946
16197,114736
16201,547251
16209,547387
16215,952812
16218,296686
16222,228649
16227,198671
16239,168319
16242,906926
16248,655385
16264,213002
16265,670702
16269,995921
16278,559999
16288,934262
16289,412816
16292,414113
16295,683823
16323,587659
16331,179026
16332,923442
16340,794719
16350,245326
16356,428590
16357,825246
16373,711181
16382,700804
16383,464558
16390,722323
16404,247360
16410,736134
16423,694375
16427,544085
16445,710889
16458,249286
16459,937708
16468,596198
16470,969253
16489,651375
16496,851491
16504,228861
16531,746586
16545,862811
16556,309499
16572,329516
16598,300222
16601,669476
16622,218322
16626,374772
16630,584297
16640,528133
16646,572956
16647,211269
16655,573741
16668,926187
16681,877505
16684,962359
16686,532944
16705,312923
16710,466764
16711,489114
16722,209886
16731,415022
16733,340921
16734,692178
16752,262718
16759,773027
16761,541060
16771,382954
16773,766912
16781,256811
16783,852709
16784,885275
16785,118453
16790,307057
16797,920784
16800,824973
16802,757578
16807,918249
16827,581555
16834,293650
16835,373975
16839,811013
16847,731493
16853,400384
16861,388288
16868,773248
16870,132143
16875,557021
16879,476447
16891,960324
16903,503279
16910,966903
16914,976098
16921,343656
16944,986528
16945,417368
16947,725411
16956,210635
16959,391905
16972,664634
16977,860805
16982,710098
16984,240800
16993,858771
17001,723711
17008,333086
17021,447923
17022,821801
17027,107191
17030,432633
17041,945619
17044,707652
17049,569413
17058,501247
17069,350807
17084,881481
17087,479423
17093,813257
17107,215738
17112,586979
17116,484207
17119,811568
17120,519154
17132,445985
17141,201025
17143,952812
17157,904168
17169,675020
17171,855280
17174,591742
17205,330380
17222,128777
17273,464558
17277,821544
17288,978862
17289,257285
17304,948002
17306,126074
17312,153860
17313,132558
17322,523177
17326,197273
17335,859232
17340,612065
17345,283613
17361,554658
17362,532520
17379,418003
17381,653452
17412,234468
17418,362772
17432,630809
17458,539560
17464,264058
17476,132988
17495,146887
17498,202817
17506,814355
17513,827445
17518,618590
17529,487683
17540,518506
17548,164723
17549,753905
17557,968623
17565,907853
17567,167747
17574,485581
17575,826188
17580,512292
17585,423712
17594,207343
17597,312854
17610,461280
17612,441206
17616,558011
17617,860744
17619,468896
17621,696418
17631,864447
17644,945275
17664,242703
17665,449925
17681,122308
17692,417681
17702,942480
17707,477620
17717,524315
17744,240164
17746,540153
17750,587008
17761,804886
17767,991966
17771,699180
17773,438455
17775,690072
17776,924495
17782,896296
17788,366525
17791,655948
17808,132693
17814,137231
17819,617795
17823,207372
17827,966681
17838,162066
17843,222514
17844,784470
17847,413630
17849,983310
17854,733430
17855,376821
17869,790561
17880,573316
17882,603380
17883,986403
17895,635810
17903,601022
17904,710541
17907,488937
17909,390237
17918,340538
17921,708801
17924,457004
17930,631347
17935,402915
17940,121056
17946,604605
17947,952216
17948,696494
17952,569674
17956,346863
17966,105006
17970,430806
17971,801015
17973,655174
17995,323346
17997,657431
18003,375469
18013,176855
18015,734814
18017,314023
18022,335335
18040,266205
18055,215837
18061,807855
18066,650478
18084,915373
18089,740222
18093,552304
18098,245744
18099,516289
18100,402583
18139,494484
18146,802367
18164,748231
18172,829651
18179,659038
18180,211102
18183,543210
18188,679175
18194,845422
18205,455121
18212,330527
18216,182120
18219,977239
18225,951643
18226,463468
18230,341568
18233,494220
18245,727656
18249,238877
18274,839270
18299,295790
18301,123893
18305,676261
18311,301038
18319,816880
18336,843579
18339,625242
18341,239758
18360,887772
18361,246522
18362,956192
18367,725411
18374,124820
18382,825245
18403,663724
18418,322511
18419,814085
18423,499348
18427,467592
18431,130168
18443,595385
18452,846989
18468,456589
18470,677552
18476,658861
18488,716731
18493,378189
18497,629655
18501,781337
18515,516667
18525,492744
18528,980227
18539,100320
18541,593234
18545,853122
18556,171488
18560,233630
18566,545713
18577,959555
18582,143808
18586,722696
18587,248616
18592,936369
18603,323782
18608,666685
18633,131045
18642,876064
18686,449194
18691,730845
18698,266779
18704,339848
18706,685729
18708,479455
18711,589003
18727,103687
18731,609546
18739,474456
18742,671420
18747,821771
18764,658861
18765,669981
18790,136504
18799,418539
18804,965356
18807,541621
18809,779134
18811,799720
18813,601637
18826,584535
18827,596402
18838,547387
18857,711645
18860,501252
18864,568163
18873,936079
18895,395026
18902,202829
18915,487588
18917,541644
18918,266205
18919,966771
18920,196510
18933,918241
18939,500277
18944,333116
18950,656784
18965,852371
18981,932975
18982,419756
18989,506307
19005,579617
19008,333116
19009,132988
19010,386435
19014,555838
19021,399533
19026,969549
19030,468308
19031,814355
19033,504268
19057,871276
19063,793614
19066,525597
19069,562612
19079,300317
19089,253222
19098,858240
19099,951035
19102,942179
19104,422461
19111,824380
19112,333690
19135,785164
19140,754932
19152,367098
19156,855176
19157,604189
19167,639765
19168,470357
19174,857669
19209,957434
19210,336802
19246,557993
19250,174966
19253,877548
19271,540146
19274,831184
19285,725010
19290,233630
19304,694796
19310,253222
19318,872870
19342,340538
19350,870282
19361,796150
19364,733856
19370,581997
19375,410312
19383,908074
19384,562129
19385,827444
19386,606530
19387,740858
19414,631955
19421,699374
19426,530805
19428,133740
19444,770449
19454,241211
19465,783991
19468,943944
19478,957434
19483,157981
19486,973683
19489,755822
19493,565189
19497,180966
19499,242949
19511,455831
19513,794025
19514,242806
19526,898200
19527,593118
19534,654810
19550,602725
19568,994796
19579,519001
19605,367807
19607,964662
19612,854056
19613,458382
19627,128777
19634,800402
19637,330658
19641,170868
19648,846426
19651,773979
19654,298589
19656,280172
19661,386435
19665,481006
19670,704536
19672,701850
19677,872870
19704,452021
19706,335699
19708,458723
19716,363271
19720,587008
19721,248290
19733,447083
19742,108817
19745,459649
19750,892676
19753,207343
19770,445495
19775,219555
19807,945779
19809,265940
19820,335415
19822,166835
19834,476447
19836,380042
19838,842446
19840,821490
19841,509395
19843,272444
19861,668983
19865,643255
19873,261419
19897,435508
19926,485258
19927,438078
19932,441354
19939,928794
19940,308626
19946,629010
19954,855176
19963,576738
19980,485581
19987,708507
19998,833012
20011,363507
20031,753728
20036,845753
20037,633897
20038,155551
20046,456009
20061,731290
20062,759680
20067,207306
20073,793614
20079,614365
20080,341681
20085,675459
20090,310181
20091,178746
20093,368408
20099,434262
20100,764884
20118,901891
20140,999174
20152,831212
20158,823333
20159,605858
20161,392081
20162,176387
20169,972007
20172,289660
20175,559679
20189,845061
20203,990321
20206,213067
20215,882070
20223,598053
20225,108356
20228,655174
20234,791943
20242,551245
20254,418539
20263,107483
20274,696463
20276,189749
20285,711740
20329,491799
20332,811776
20339,765922
20352,144427
20366,221906
20370,719452
20381,648610
20388,501247
20395,246605
20402,241211
20417,200990
20428,682015
20435,909264
20441,779206
20464,828023
20476,513438
20477,994777
20478,856977
20486,432900
20488,275548
20491,337414
20493,286705
20497,999572
20498,976124
20501,791460
20510,663494
20513,434091
20526,981108
20546,715691
20549,723747
20550,481900
20558,536025
20560,385225
20591,836394
20593,329864
20594,814085
20605,790468
20609,253328
20620,471139
20629,966508
20639,724862
20664,440571
20682,167534
20685,210118
20696,233102
20698,746189
20699,376144
20705,891026
20710,107739
20719,228996
20722,391698
20729,527825
20737,574304
20739,285256
20743,125421
20744,570420
20750,480106
20754,862527
20770,879513
20771,408671
20780,770225
20789,430974
20796,604338
20802,950906
20809,524828
20831,192609
20847,215068
20851,196755
20854,658800
20859,618347
20863,898873
20868,890338
20870,191791
20887,336802
20890,612716
20903,989446
20908,342190
20917,903387
20921,412364
20922,811107
20931,808363
20951,773665
20961,910366
20966,593975
20968,167153
20969,211269
20987,763726
20988,345537
20996,219995
21001,729545
21003,716371
21004,164507
21008,154814
21020,488022
21021,333925
21029,749121
21056,397297
21090,754080
21098,705886
21100,914981
21105,720353
21108,534375
21135,101632
21136,269883
21137,139933
21140,124754
21156,442185
21159,563219
21171,239056
21174,189552
21186,783720
21189,648982
21196,899483
21213,657088
21229,222855
21240,107355
21242,812334
21243,994796
21260,715651
21264,388288
21283,478576
21286,821986
21294,766912
21297,950186
21299,690684
21316,285685
21326,670518
21344,388994
21349,422184
21351,998634
21356,264058
21359,602114
21366,704536
21369,758074
21377,733925
21383,208689
21385,292400
21388,846989
21392,420770
21398,922642
21402,151255
21405,672945
21406,868972
21412,803616
21419,498877
21421,192498
21426,856460
21432,587659
21433,502042
21444,793281
21447,725411
21449,936274
21462,365666
21464,302393
21471,728587
21477,850877
21492,518831
21512,423124
21518,400054
21519,232003
21523,694375
21527,496616
21528,582784
21531,211890
21539,355124
21540,705485
21542,127546
21562,120438
21566,663046
21579,571374
21580,455441
21584,473525
21602,869899
21610,148768
21620,174315
21621,572433
21626,501128
21628,281714
21629,186539
21643,218169
21664,230602
21674,733578
21677,897089
21718,670340
21727,550824
21733,504390
21736,399156
21754,488132
21763,321460
21770,436347
21780,107760
21791,127428
21810,913778
21841,736831
21847,640259
21849,141880
21882,323528
21892,982666
21896,196406
21903,284557
21905,244033
21914,463265
21927,353335
21940,905135
21972,207372
21973,157902
21974,345130
21975,897441
21983,308626
22000,749093
22004,795416
22022,843070
22024,161759
22030,420770
22037,291909
22041,401551
22046,715260
22058,783724
22067,434738
22068,212124
22069,902806
22072,475112
22075,822713
22078,833012
22079,269607
22083,388258
22084,517168
22091,605722
22106,947890
22107,240756
22111,579617
22124,501085
22127,442417
22130,981108
22133,377799
22136,700463
22138,480602
22147,780130
22149,829224
22154,570082
22156,587260
22175,196872
22189,363507
22192,504316
22196,953577
22207,996965
22220,678161
22223,973683
22230,960014
22232,464558
22239,702500
22241,559383
22243,690428
22245,864137
22277,881794
22288,285243
22292,218628
22293,829555
22294,946917
22307,350993
22317,863307
22325,822533
22328,791517
22332,786451
22334,753728
22345,388994
22351,449925
22352,907061
22364,445354
22385,238930
22390,300317
22402,925846
22433,341681
22448,503822
22455,309455
22463,476023
22478,821795
22488,195096
22489,837397
22511,666570
22522,589268
22539,527327
22545,517215
22549,594412
22557,592341
22559,701203
22566,983063
22569,390194
22573,477294
22579,969682
22587,925052
22590,252047
22591,397769
22593,404643
22602,854388
22604,349881
22607,226043
22609,680036
22615,964266
22634,968150
22651,599066
22652,797885
22654,900528
22658,580058
22662,447923
22667,665751
22684,966508
22700,199298
22706,935145
22724,198766
22725,821801
22726,356659
22736,878867
22738,718788
22743,946028
22750,669193
22758,178175
22767,709693
22780,591476
22786,912535
22789,255520
22793,382789
22796,659930
22804,399885
22811,764715
22814,880145
22824,414315
22834,387978
22841,800402
22845,343650
22862,891026
22867,202438
22870,181450
22873,971374
22877,938690
22879,699180
22885,523317
22887,460136
22896,377206
22902,665080
22903,489861
22906,333690
22907,539560
22912,373487
22937,524828
22945,233341
22957,941812
22965,685729
22967,269883
22982,787062
22985,336659
22987,912385
22999,435527
23025,582825
23028,602925
23043,438837
23045,478576
23055,799524
23062,800402
23064,837046
23074,337002
23078,921538
23085,797668
23093,906376
23109,661848
23113,963951
23125,654641
23126,908210
23130,419196
23139,602639
23140,724862
23156,947034
23162,682390
23184,676668
23194,993530
23196,455897
23204,836657
23215,643443
23219,546554
23224,685729
23234,968552
23239,367098
23244,311021
23245,713710
23253,428011
23271,770049
23273,538518
23289,452021
23302,131663
23304,794690
23357,311418
23366,486288
23373,557976
23382,302076
23383,406703
23390,116916
23398,604189
23408,167153
23418,910231
23430,236902
23431,533283
23434,892553
23438,705623
23441,319105
23448,651587
23465,798334
23468,301590
23477,972919
23484,529803
23491,127428
23504,319769
23507,377757
23513,594983
23522,404643
23529,473530
23535,687345
23538,281714
23550,629776
23555,771594
23558,561544
23563,469331
23571,740222
23579,387362
23580,989751
23588,153836
23590,882070
23592,821835
23597,203484
23609,547365
23616,286661
23626,620364
23637,719378
23645,192662
23646,413872
23647,102474
23649,541060
23668,146702
23676,738941
23678,493547
23679,182007
23684,757876
23685,152818
23698,922642
23703,190057
23715,313014
23719,469862
23722,533088
23734,791460
23755,583390
23768,129872
23769,870655
23789,568163
23792,606963
23798,892785
23799,749414
23803,404362
23805,145448
23807,870282
23832,999966
23842,256360
23846,845061
23856,500722
23861,835685
23874,898873
23875,725267
23878,280714
23890,664983
23891,294502
23910,490081
23914,946810
23924,376381
23930,612078
23935,682015
23943,755164
23951,808896
23955,894099
23969,307757
23974,447745
23990,314063
24010,787062
24011,417008
24020,920784
24021,863434
24023,127546
24032,709693
24038,174458
24049,599249
24054,583473
24059,133156
24073,610358
24075,959971
24078,558011
24092,423918
24108,994777
24119,844246
24124,796384
24129,617592
24134,269546
24139,575840
24143,676232
24144,330647
24147,869955
24155,847346
24159,886083
24161,541621
24165,728587
24168,542398
24170,920452
24172,591939
24181,493657
24183,246526
24195,798334
24209,494719
24212,773027
24214,171684
24216,746862
24222,630733
24238,851665
24246,132143
24249,803410
24251,461528
24252,293141
24267,532298
24272,501115
24281,460641
24303,444705
24305,112668
24312,904942
24314,932975
24318,493449
24321,423487
24326,317280
24329,412558
24333,420249
24334,281714
24358,409693
24367,295968
24375,527027
24379,753113
24389,241211
24395,943249
24398,418284
24399,212124
24400,366709
24415,338135
24420,195816
24445,267353
24456,983211
24459,488937
24461,922829
24472,775679
24488,112305
24492,938200
24500,329650
24509,397297
24515,596198
24533,700897
24542,936930
24550,452238
24553,898131
24555,614365
24560,424161
24565,829513
24576,188501
24589,692321
24603,983310
24618,264578
24651,591058
24660,317280
24665,461280
24668,810746
24674,874908
24677,566518
24686,690506
24688,703573
24695,845298
24713,994607
24714,899273
24746,954440
24749,850097
24751,109272
24752,723081
24760,455831
24766,852371
24775,617237
24778,412394
24782,303625
24785,699818
24795,640281
24802,764770
24804,952216
24814,551593
24819,523177
24820,929024
24840,536180
24847,290126
24866,860593
24868,976152
24871,221847
24873,947763
24878,347976
24884,546432
24887,589558
24889,812334
24890,771206
24905,353524
24910,236390
24912,670160
24920,170868
24944,826310
24946,886543
24958,319026
24962,621463
24963,751694
24974,833410
24997,598488
25018,486288
25020,131564
25028,694834
25031,173785
25034,841414
25046,260670
25055,892676
25057,943967
25070,903240
25099,333690
25109,701355
25113,437871
25117,858944
25121,877548
25128,895734
25131,722578
25153,670160
25162,328898
25181,517627
25185,450585
25186,305062
25190,231587
25193,537476
25198,585707
25200,701355
25204,234468
25207,196029
25212,147819
25219,901856
25225,804222
25244,501115
25245,407178
25250,656784
25254,898318
25259,855637
25270,192900
25282,130053
25285,864699
25295,208781
25296,780274
25300,269394
25308,312072
25311,822713
25322,773248
25336,944839
25352,942179
25357,188906
25359,551512
25369,480081
25383,937724
25385,908810
25388,497715
25397,331985
25411,240164
25413,630834
25415,622571
25420,126665
25431,201025
25434,474601
25439,245744
25456,504998
25459,340513
25465,716731
25476,909643
25478,829309
25482,461744
25494,179188
25495,937708
25501,290904
25502,133954
25507,202829
25512,497715
25514,606530
25516,517215
25525,486288
25541,271898
25542,132818
25565,194274
25576,689374
25579,565041
25580,133099
25584,647072
25586,604605
25594,852209
25598,878459
25600,175667
25604,593118
25606,200131
25629,440988
25635,841658
25648,253216
25649,910485
25650,240685
25653,255985
25660,822426
25666,311021
25670,510182
25680,506307
25683,207447
25689,650478
25697,897441
25701,695994
25705,323878
25709,120438
25713,360684
25714,435220
25721,266205
25724,672718
25728,788551
25735,828849
25739,494502
25750,696494
25756,186539
25757,117066
25760,715884
25763,942001
25764,837056
25766,133954
25776,674061
25804,805754
25812,329864
25824,660117
25828,146887
25830,568453
25851,753589
25858,839270
25867,214396
25870,259133
25871,219400
25880,227497
25881,457866
25883,143190
25897,239857
25899,305171
25902,371371
25912,648665
25928,503833
25934,970492
25943,898318
25961,566030
25977,384391
25983,553834
25992,248568
26001,435527
26004,271898
26006,843387
26020,244033
26021,487588
26024,207178
26027,739019
26033,540487
26034,117066
26038,958020
26043,908699
index,"Int64Index([    0,    18,    23,    46,    52,    68,    71,    72,    90,
              100,
            ...
            26004, 26006, 26020, 26021, 26024, 26027, 26033, 26034, 26038,
            26043],
           dtype='int64', length=3529)"
